TRAVELER_ID,TRAVEL_ID,UNIQUE_VISIT_ID,W,WR,GENDER,AGE_GRP
g005682,g_g005682,0,5,4.35239802,0,0
g005682,g_g005682,1,5,4.394615121,0,0
g005682,g_g005682,2,4.1,4.211647524,0,0
g005682,g_g005682,3,4.4,4.179590773,0,0
